{"cameraMode":{"drawMode":0,"name":"Shaded","section":"Shading Mode"},"sceneLighting":false,"audioPlay":false,"sceneViewState":{"m_AlwaysRefresh":false,"showFog":true,"showSkybox":false,"showFlares":true,"showImageEffects":true,"showParticleSystems":true,"showVisualEffectGraphs":true,"m_FxEnabled":true},"in2DMode":false,"pivot":{"x":-50.865047454833987,"y":0.22846579551696778,"z":-5.433170318603516},"rotation":{"x":0.365909606218338,"y":-0.03022553026676178,"z":0.012523532845079899,"w":0.9304335117340088},"size":1.8064011335372925,"orthographic":false}