{"cameraMode":{"drawMode":0,"name":"Shaded","section":"Shading Mode"},"sceneLighting":true,"audioPlay":false,"sceneViewState":{"m_AlwaysRefresh":false,"showFog":true,"showSkybox":true,"showFlares":true,"showImageEffects":true,"showParticleSystems":true,"showVisualEffectGraphs":true,"m_FxEnabled":true},"in2DMode":false,"pivot":{"x":-13.386043548583985,"y":-7.5950822830200199,"z":-40.13155746459961},"rotation":{"x":-0.015280181542038918,"y":0.9831187129020691,"z":-0.09858383238315582,"w":-0.1544893980026245},"size":22.289772033691408,"orthographic":false}