{"cameraMode":{"drawMode":0,"name":"Shaded","section":"Shading Mode"},"sceneLighting":false,"audioPlay":false,"sceneViewState":{"m_AlwaysRefresh":false,"showFog":false,"showSkybox":false,"showFlares":false,"showImageEffects":false,"showParticleSystems":false,"showVisualEffectGraphs":true,"m_FxEnabled":true},"in2DMode":false,"pivot":{"x":-0.17595887184143067,"y":-0.15988470613956452,"z":-1.531901240348816},"rotation":{"x":0.013734610751271248,"y":-0.9637585282325745,"z":0.2623903453350067,"w":0.05077260360121727},"size":1.350541591644287,"orthographic":false}